1,x1,x1^2,x1^3,x1^4,x1^5,x1^6,x1^7,x1^8,x1^9,x1^10,x1^11,x1^12,x1^13,x1^14,x1^15,x1^16,x1^17,x1^18,y
1.0,0.0014285714285714286,2.040816326530612e-06,2.9154518950437316e-09,4.164931278633902e-12,5.94990182661986e-15,8.499859752314086e-18,1.2142656789020123e-20,1.7346652555743034e-23,2.4780932222490048e-26,3.5401331746414354e-29,5.057333106630622e-32,7.224761580900888e-35,1.0321087972715553e-37,1.4744411389593649e-40,2.106344484227664e-43,3.009063548896663e-46,4.298662212709519e-49,6.140946018156455e-52,-0.05806151071428571
1.0,0.007142857142857143,5.10204081632653e-05,3.6443148688046643e-07,2.6030820491461886e-09,1.859344320818706e-11,1.3281030862990757e-13,9.486450616421968e-16,6.77603615458712e-18,4.8400258247050854e-20,3.457161303360775e-22,2.469400930971982e-24,1.7638578078371298e-26,1.2598984341693784e-28,8.999274529781274e-31,6.428053235558053e-33,4.59146659682718e-35,3.2796189977337e-37,2.342584998381214e-39,0.4815016689285714
1.0,0.018571428571428572,0.0003448979591836735,6.405247813411079e-06,1.189546022490629e-07,2.209156898911168e-09,4.102719955120741e-11,7.619337059509948e-13,1.415019739623276e-14,2.627893802157513e-16,4.88037420400681e-18,9.063552093155505e-20,1.6832311030145938e-21,3.126000619884246e-23,5.805429722642171e-25,1.0781512342049747e-26,2.0022808635235245e-28,3.7185216036865456e-30,6.905825835417871e-32,0.2844870432142857
1.0,0.02,0.0004,8.000000000000001e-06,1.6000000000000003e-07,3.2000000000000005e-09,6.400000000000001e-11,1.2800000000000002e-12,2.5600000000000006e-14,5.120000000000001e-16,1.0240000000000003e-17,2.0480000000000006e-19,4.096000000000001e-21,8.192000000000003e-23,1.6384000000000005e-24,3.276800000000001e-26,6.553600000000002e-28,1.3107200000000005e-29,2.621440000000001e-31,0.6891261425
1.0,0.02142857142857143,0.0004591836734693878,9.839650145772595e-06,2.1084964598084133e-07,4.518206699589457e-09,9.681871499120265e-11,2.0746867498114853e-12,4.445757321024611e-14,9.526622830767025e-16,2.041419178021505e-17,4.37446966718894e-19,9.373863572547728e-21,2.0086850512602274e-22,4.3043251098433446e-24,9.223553806807168e-26,1.976475815744393e-27,4.235305319452271e-29,9.075654255969152e-31,1.122109284285714
1.0,0.027142857142857142,0.000736734693877551,1.9997084548104956e-05,5.427780091628488e-07,1.4732545962991611e-08,3.99883390424058e-10,1.0853977740081573e-11,2.9460796723078555e-13,7.99650196769275e-15,2.1704791055166034e-16,5.891300429259352e-18,1.5990672593703956e-19,4.340325418291073e-21,1.1780883278218627e-22,3.197668318373627e-24,8.679385435585559e-26,2.3558331896589374e-27,6.394404371931401e-29,0.6181228714285714
1.0,0.032857142857142856,0.0010795918367346939,3.547230320699708e-05,1.1655185339441898e-06,3.829560897245195e-08,1.2582842948091354e-09,4.134362682944302e-11,1.3584334529674134e-12,4.463424202607215e-14,1.466553666570942e-15,4.818676333018809e-17,1.583279366563323e-18,5.2022036329937753e-20,1.7092954794122402e-21,5.616256575211647e-23,1.8453414461409696e-24,6.063264751606043e-26,1.9922155612419856e-27,1.7523946785714286
1.0,0.03428571428571429,0.0011755102040816327,4.030320699708455e-05,1.3818242399000417e-06,4.737683108228715e-08,1.6243484942498453e-09,5.569194837428041e-11,1.9094382299753284e-12,6.546645359915412e-14,2.24456412339957e-15,7.69564842308424e-17,2.6385080307717396e-18,9.04631324836025e-20,3.1015931137235146e-21,1.0634033532766335e-22,3.645954354091315e-24,1.2500414928313081e-25,4.2858565468501995e-27,1.576523880357143
1.0,0.041428571428571426,0.0017163265306122447,7.110495626822157e-05,2.945776759683465e-06,1.2203932290117212e-07,5.0559148059057015e-09,2.094593276732362e-10,8.677600717891213e-12,3.5950060116977876e-13,1.4893596334176546e-14,6.170204195587426e-16,2.5562274524576477e-17,1.0590085160181683e-18,4.387320994932411e-20,1.8176044121862845e-21,7.530075421914607e-23,3.119602674793194e-24,1.292406822414323e-25,1.5479894817857143
1.0,0.047142857142857146,0.002222448979591837,0.0001047725947521866,4.939279466888798e-06,2.328517462961862e-07,1.0977296611105922e-08,5.175011259521363e-10,2.4396481652029285e-11,1.1501198493099521e-12,5.421993575318346e-14,2.5560826855072204e-15,1.2050104088819754e-16,5.6807633561578845e-18,2.6780741536172886e-19,1.262520672419579e-20,5.951883169978016e-22,2.8058877801324933e-23,1.3227756677767469e-24,1.4787376639285714
1.0,0.05142857142857143,0.0026448979591836732,0.00013602332361516034,6.99548521449396e-06,3.597678110311179e-07,1.8502344567314636e-08,9.515491491761813e-10,4.8936813386203607e-11,2.5167504027190424e-12,1.2943287785412218e-13,6.656548003926284e-15,3.4233675448763745e-16,1.7605890230792784e-17,9.054457832979145e-19,4.6565783141035607e-20,2.394811704396117e-21,1.2316174479751458e-22,6.334032589586464e-24,2.309740051785714
1.0,0.05285714285714286,0.0027938775510204083,0.00014767638483965015,7.805751770095794e-06,4.1258973641934914e-07,2.1808314639308457e-08,1.152725202363447e-09,6.092976069635363e-11,3.220573065378692e-12,1.7023029059858802e-13,8.99788678878251e-15,4.756025874070755e-16,2.5138993905802564e-17,1.3287753921638498e-18,7.023527072866064e-20,3.712435738514919e-21,1.9622874617864574e-22,1.0372090869442704e-23,1.9494768410714287
1.0,0.055714285714285716,0.0031040816326530613,0.00017294169096209914,9.635322782174095e-06,5.368251264354139e-07,2.99088284728302e-08,1.6663490149148254e-09,9.283944511668314e-11,5.1724833707866325e-12,2.881812163723981e-13,1.605581062646218e-14,8.945380206171786e-16,4.98385468629571e-17,2.7767190395076097e-18,1.5470291791542398e-19,8.619162569573623e-21,4.802104860191019e-22,2.6754584221064245e-23,2.0251517821428573
1.0,0.05714285714285714,0.0032653061224489793,0.0001865889212827988,1.0662224073302789e-05,6.092699470458736e-07,3.481542554547849e-08,1.9894528883130564e-09,1.136830221893175e-10,6.496172696532428e-12,3.712098683732816e-13,2.1211992478473232e-14,1.212113855912756e-15,6.926364890930034e-17,3.957922794817162e-18,2.2616701684669497e-19,1.2923829534096855e-20,7.385045448055345e-22,4.22002597031734e-23,1.9388087864285712
1.0,0.06142857142857143,0.003773469387755102,0.000231798833819242,1.4239071220324865e-05,8.746858035342417e-07,5.373069935996056e-08,3.3006001035404343e-09,2.0275114921748383e-10,1.245471345193115e-11,7.650752549043421e-13,4.699747994412387e-14,2.8869880537104664e-15,1.773435518707858e-16,1.0893961043491128e-17,6.6920046410016925e-19,4.1108028509010396e-20,2.5252074655534956e-21,1.5511988716971475e-22,2.4431799342857143
1.0,0.08142857142857143,0.00663061224489796,0.0005399212827988339,4.3965018742190766e-05,3.5800086690069626e-06,2.915149916191384e-07,2.3737649317558414e-08,1.932922873001185e-09,1.573951482300965e-10,1.2816462070165001e-11,1.0436261971420073e-12,8.498099033870631e-14,6.919880641866086e-15,5.634759951233813e-16,4.588304531718962e-17,3.736190832971155e-18,3.042326821133655e-19,2.477323268637405e-20,2.2414509867857144
1.0,0.08714285714285715,0.007593877551020409,0.0006617521865889213,5.766697625989172e-05,5.025265074076279e-06,4.3791595645521863e-07,3.816124763395477e-08,3.3254801509589158e-09,2.8979184172641984e-10,2.5253289064730872e-11,2.200643761355119e-12,1.9177038491808895e-13,1.6711419257147753e-14,1.4562808209800186e-15,1.269044715425445e-16,1.1058818234421734e-17,9.636970175710368e-19,8.397931153119036e-20,2.8145047539285715
1.0,0.09285714285714286,0.008622448979591838,0.000800655976676385,7.434662640566433e-05,6.903615309097402e-06,6.410499929876159e-07,5.952607077742148e-08,5.5274208579034235e-09,5.132605082338893e-10,4.7659904336004005e-11,4.425562545486086e-12,4.109450935094223e-13,3.815918725444636e-14,3.5433531021985906e-15,3.2902564520415483e-16,3.0552381340385804e-17,2.8370068387501103e-18,2.6343634931251026e-19,3.0306444935714287
1.0,0.09857142857142857,0.009716326530612246,0.0009577521865889214,9.44070012494794e-05,9.305832980305827e-06,9.1728925091586e-07,9.041851187599192e-08,8.912681884919203e-09,8.785357857991787e-10,8.659852745734762e-11,8.536140563652836e-12,8.414195698457796e-13,8.293992902765541e-14,8.17550728986889e-15,8.058714328585049e-16,7.943589838176692e-17,7.830109983345596e-18,7.718251269297801e-19,3.2484046357142855
1.0,0.11285714285714285,0.012736734693877549,0.0014374314868804661,0.00016222441066222402,1.8308183489022423e-05,2.0662092794753876e-06,2.3318647582650803e-07,2.6316759414705904e-08,2.9700342768025234e-09,3.351895826677133e-10,3.782853861535622e-11,4.269220786590201e-12,4.818120602008941e-13,5.437593250838662e-14,6.136712383089347e-15,6.92571826091512e-16,7.816167751604207e-17,8.82110360538189e-18,3.9381633360714283
1.0,0.11428571428571428,0.013061224489795917,0.0014927113702623905,0.00017059558517284462,1.9496638305467955e-05,2.2281872349106233e-06,2.546499697040712e-07,2.910285368046528e-08,3.3260404206246033e-09,3.8011890521424036e-10,4.344216059591318e-11,4.964818353818649e-12,5.674078118649884e-13,6.484660707028438e-14,7.411040808032501e-15,8.469760923465715e-16,9.679726769675102e-17,1.1062544879628687e-17,3.6506882803571425
1.0,0.12,0.0144,0.001728,0.00020736,2.48832e-05,2.985984e-06,3.5831807999999997e-07,4.2998169599999993e-08,5.159780351999999e-09,6.191736422399999e-10,7.430083706879997e-11,8.916100448255997e-12,1.0699320537907196e-12,1.2839184645488633e-13,1.540702157458636e-14,1.848842588950363e-15,2.2186111067404357e-16,2.6623333280885228e-17,3.4634485475
1.0,0.12571428571428572,0.015804081632653063,0.0019867988338192425,0.0002497689962515619,3.1399530957339214e-05,3.947369606065502e-06,4.96240750476806e-07,6.238455148851275e-08,7.84262932998446e-09,9.859305443409037e-10,1.239455541457136e-10,1.558172680688971e-11,1.958845655723278e-12,2.462548824337836e-13,3.095775664881851e-14,3.891832264422898e-15,4.892589132417358e-16,6.150683480753251e-17,4.027055764642857
1.0,0.12714285714285714,0.01616530612244898,0.0020553032069970845,0.00026131712203248644,3.322460551555899e-05,4.224271272692501e-06,5.370859189566179e-07,6.828663826734142e-08,8.682158293990551e-09,1.103874411664513e-09,1.4034974662591667e-10,1.784446778529512e-11,2.2687966184160937e-12,2.8846128434147475e-13,3.6675791866273216e-14,4.6630649658547375e-15,5.928754028015309e-16,7.537987264190892e-17,3.9104298914285716
1.0,0.13857142857142857,0.01920204081632653,0.0026608542274052477,0.00036871837151187,5.1093831480930556e-05,7.080145219500377e-06,9.81105837559338e-07,1.3595323749036539e-07,1.883923433795063e-08,2.61057961540173e-09,3.6175174670566833e-10,5.012845632921404e-11,6.946371805619659e-12,9.6256866449301e-13,1.333845149368885e-13,1.8483282784111694e-14,2.561254900084049e-15,3.549167504402182e-16,3.7784025857142858
1.0,0.14,0.019600000000000003,0.0027440000000000008,0.00038416000000000014,5.378240000000002e-05,7.529536000000004e-06,1.0541350400000007e-06,1.475789056000001e-07,2.0661046784000018e-08,2.8925465497600027e-09,4.0495651696640043e-10,5.669391237529607e-11,7.93714773254145e-12,1.111200682555803e-12,1.5556809555781244e-13,2.1779533378093745e-14,3.0491346729331243e-15,4.2687885421063743e-16,4.4744285075
1.0,0.14285714285714285,0.02040816326530612,0.0029154518950437313,0.00041649312786339016,5.949901826619859e-05,8.499859752314083e-06,1.214265678902012e-06,1.7346652555743026e-07,2.4780932222490035e-08,3.5401331746414334e-09,5.057333106630619e-10,7.224761580900885e-11,1.0321087972715549e-11,1.474441138959364e-12,2.1063444842276627e-13,3.009063548896661e-14,4.2986622127095155e-15,6.140946018156451e-16,4.202787286071429
1.0,0.15714285714285714,0.024693877551020406,0.0038804664723032065,0.0006097875885047896,9.58237639078955e-05,1.5058020042669292e-05,2.36626029241946e-06,3.718409030944866e-07,5.843214191484789e-08,9.182193729476098e-09,1.442916157489101e-09,2.2674396760543014e-10,3.5631194909424733e-11,5.599187771481029e-12,8.79872364089876e-13,1.3826565721412337e-13,2.1727460419362243e-14,3.414315208756924e-15,4.417964688928571
1.0,0.16,0.0256,0.004096000000000001,0.0006553600000000001,0.00010485760000000002,1.6777216000000003e-05,2.6843545600000004e-06,4.294967296000001e-07,6.871947673600002e-08,1.0995116277760003e-08,1.7592186044416005e-09,2.814749767106561e-10,4.5035996273704975e-11,7.205759403792796e-12,1.1529215046068473e-12,1.8446744073709558e-13,2.951479051793529e-14,4.722366482869647e-15,3.5470024
1.0,0.16142857142857142,0.026059183673469384,0.004206696793002914,0.0006790810537276133,0.00010962308438745757,1.7696297908261005e-05,2.8566880909049906e-06,4.611510775318056e-07,7.444295965870576e-08,1.2017220630619642e-08,1.939922758942885e-09,3.1315895965792287e-10,5.055280348763612e-11,8.160666848718401e-12,1.3173647912931133e-12,2.1266031630874543e-13,3.4329451061268903e-14,5.541754242747694e-15,3.843830084285714
1.0,0.16428571428571428,0.026989795918367348,0.004434037900874635,0.0007284490837151186,0.00011967377803891235,1.9660692106392743e-05,3.2299708460502366e-06,5.30638067565396e-07,8.717625395717221e-08,1.4321813150106863e-08,2.352869303231842e-09,3.86542814102374e-10,6.350346231681858e-11,1.0432711666334482e-11,1.713945488040665e-12,2.815767587495378e-13,4.625903893742407e-14,7.599699254005382e-15,3.5151223328571426
1.0,0.16857142857142857,0.028416326530612244,0.004790180758017492,0.0008074876134943772,0.00013611934056048072,2.2945831694481037e-05,3.868011628498232e-06,6.520362459468448e-07,1.0991468145961098e-07,1.8528474874620136e-08,3.123371478864537e-09,5.265111921514506e-10,8.875474381981595e-11,1.4961513958197546e-11,2.522083781524729e-12,4.251512660284543e-13,7.166835627336801e-14,1.208123720036775e-14,4.564063998214285
1.0,0.18142857142857144,0.03291632653061225,0.005971962099125366,0.0010834845522698878,0.00019657505448325108,3.566433131338984e-05,6.470528681143585e-06,1.1739387750074791e-06,2.1298603489421408e-07,3.8641752045093126e-08,7.010717871038325e-09,1.271944528031239e-09,2.3076707865709623e-10,4.186774141350175e-11,7.59600451359246e-12,1.3781322474660606e-12,2.500325648974139e-13,4.536305105995938e-14,4.132549829285715
1.0,0.19142857142857142,0.03664489795918367,0.007014880466472303,0.0013428485464389837,0.0002570595788897483,4.920854795889467e-05,9.41992203784555e-06,1.803242218673291e-06,3.451920818603157e-07,6.607962709897472e-08,1.2649528616089445e-08,2.4214811922228365e-09,4.6354068536837153e-10,8.873493119908826e-11,1.6986401115254035e-11,3.2516824992057725e-12,6.224649355622478e-13,1.1915757337905887e-13,3.588135689285714
1.0,0.1957142857142857,0.03830408163265306,0.0074966559766763835,0.0014672026697209492,0.0002871525225025286,5.619985083263774e-05,1.09991136629591e-05,2.152683674036281e-06,4.21310947632815e-07,8.245657117956522e-08,1.6137928930857762e-08,3.158423233610733e-09,6.181485471495291e-10,1.2098050137069355e-10,2.367761241112145e-11,4.634047000462341e-12,9.069491986619152e-13,1.7750291459526055e-13,3.5709169246428574
1.0,0.19857142857142857,0.03943061224489796,0.007829793002915452,0.001554773182007497,0.0003087335318557744,6.130565846850377e-05,1.2173552181602892e-05,2.417319647489717e-06,4.800106157158153e-07,9.531639369214047e-08,1.8927112461725035e-08,3.758383760256828e-09,7.463076323938559e-10,1.4819537271820852e-10,2.942736686832998e-11,5.84343427813981e-12,1.1603390923734765e-12,2.30410191199876e-13,4.2506998057142855
1.0,0.20142857142857143,0.0405734693877551,0.008172655976676385,0.0016462064181591003,0.0003315930070863331,6.679230571310424e-05,1.3453878722210997e-05,2.709995571188215e-06,5.458705364821976e-07,1.0995392234855696e-07,2.2147861501637902e-08,4.461212102472777e-09,8.986155806409451e-10,1.810068526719618e-10,3.645995175249516e-11,7.34407599585974e-12,1.4793067363088904e-12,2.9797464259936223e-13,3.2181358317857143
1.0,0.20285714285714285,0.041151020408163264,0.008347778425655976,0.0016934064806330693,0.000343519600356994,6.968540464384735e-05,1.4136182084894749e-05,2.8676255086500775e-06,5.817183174690157e-07,1.1800571582942889e-07,2.393830235396986e-08,4.8560556203767425e-09,9.850855687049963e-10,1.9983164393729923e-10,4.053727634156641e-11,8.223276057860614e-12,1.6681502860231531e-12,3.383962008789825e-13,3.8000359885714285
1.0,0.2257142857142857,0.050946938775510195,0.01149945189504373,0.0025955905705955843,0.0005858618716487175,0.0001322373938864248,2.9847868905793027e-05,6.7370904101647115e-06,1.520657549722892e-06,3.4323413265173843e-07,7.747284708424953e-08,1.7486728341873465e-08,3.947004397165725e-09,8.908952782174064e-10,2.0108779136907173e-10,4.538838719473333e-11,1.0244807395382666e-11,2.3123993835292303e-12,2.927407812142857
1.0,0.22714285714285715,0.05159387755102041,0.011719180758017493,0.0026619282007496877,0.0006046379770274291,0.00013733919763908746,3.119561774944987e-05,7.08586174594647e-06,1.6095028822935554e-06,3.655870832638219e-07,8.304049462706811e-08,1.886205520814833e-08,4.28438111156512e-09,9.731665667697916e-10,2.210478344519955e-10,5.020943668266755e-11,1.1404714903634486e-11,2.590499528111262e-12,2.973030646428571
1.0,0.23142857142857143,0.05355918367346939,0.012395125364431487,0.0028685861557684296,0.0006638727960492652,0.0001536391327999728,3.555648501942228e-05,8.228786533066299e-06,1.9043763119382007e-06,4.407270893342693e-07,1.0199684067450233e-07,2.3604983127527682e-08,5.462867523799263e-09,1.264263626936401e-09,2.925867250909956e-10,6.771292780677327e-11,1.5670706149567528e-11,3.6266491374713423e-12,2.6580774067857145
1.0,0.24571428571428572,0.060375510204081634,0.014835125364431488,0.0036452022324031655,0.0008956782628190635,0.00022008094457839846,5.4077032096406476e-05,1.328749931511702e-05,3.2649284031430394e-06,8.022395504865755e-07,1.9712171811955853e-07,4.8435622166520096e-08,1.190132430377351e-08,2.9243254003557767e-09,7.185485269445623e-10,1.765576380492353e-10,4.338273392066924e-11,1.0659757477650157e-11,3.0316129021428573
1.0,0.25142857142857145,0.06321632653061225,0.01589439067055394,0.003996303940024991,0.0010047849906348548,0.0002526316547881921,6.351881606103117e-05,1.5970445181059264e-05,4.015426216952044e-06,1.0095928774050854e-06,2.5384049489042146e-07,6.382275300102026e-08,1.6046863611685095e-08,4.03463999379511e-09,1.0144237698684848e-09,2.5505511928121905e-10,6.41281442764208e-11,1.6123647703785803e-11,2.9179114067857146
1.0,0.2542857142857143,0.06466122448979592,0.016442425655976676,0.004181073952519783,0.0010631873764978877,0.00027035336145232004,6.874699762644709e-05,1.7481379396439403e-05,4.445265046523162e-06,1.1303673975444614e-06,2.8743628108987734e-07,7.309094004856881e-08,1.858598189806464e-08,4.726149682650722e-09,1.2017923478740407e-09,3.055986256022561e-10,7.770936479600225e-11,1.976038133384057e-11,2.452200315357143
1.0,0.26857142857142857,0.07213061224489796,0.019372221574344022,0.005202825222823823,0.0013973302027012553,0.00037528296872548,0.00010079028302912892,2.7069390299251768e-05,7.270064823227617e-06,1.9525316953811316e-06,5.243942267595039e-07,1.4083730661540962e-07,3.782487663385287e-08,1.0158681153091914e-08,2.7283315096875426e-09,7.327518911732257e-10,1.967962222008092e-10,5.285384253393161e-11,2.359508738214285
1.0,0.29,0.0841,0.024388999999999997,0.007072809999999999,0.0020511148999999996,0.0005948233209999999,0.00017249876308999995,5.0024641296099985e-05,1.4507145975868995e-05,4.2070723330020086e-06,1.2200509765705824e-06,3.5381478320546886e-07,1.0260628712958596e-07,2.9755823267579927e-08,8.629188747598177e-09,2.5024647368034714e-09,7.257147736730067e-10,2.1045728436517193e-10,2.2199968199999995
1.0,0.30857142857142855,0.09521632653061224,0.02938103790087463,0.009066148837984171,0.0027975544985779726,0.0008632453881326315,0.0002663728626237834,8.219505475248173e-05,2.5363045466480076e-05,7.826311172513852e-06,2.4149760189471313e-06,7.451926001322577e-07,2.2994514518366807e-07,7.0954501942389e-08,2.1894532027937176e-08,6.756027025763471e-09,2.084716910807014e-09,6.432840753347356e-10,1.520009015714286
1.0,0.32142857142857145,0.10331632653061226,0.03320881924198252,0.010674263327780096,0.0034310132125007454,0.0011028256754466682,0.00035447968139357193,0.00011393989759079098,3.662353851132567e-05,1.177185166435468e-05,3.783809463542576e-06,1.2162244704243994e-06,3.909292940649856e-07,1.2565584452088824e-07,4.03893785959998e-08,1.2982300262999936e-08,4.172882227392837e-09,1.341283573090555e-09,1.3674639792857146
1.0,0.32285714285714284,0.10423673469387754,0.033653574344023315,0.010865296859641813,0.0035079387003986422,0.0011325630661287044,0.0003656560756358388,0.00011805467584814224,3.811479534525735e-05,1.2305633925754514e-05,3.9729618103150286e-06,1.282699098758852e-06,4.141285661707151e-07,1.3370436564940228e-07,4.316740948109274e-08,1.393690648960994e-08,4.499629809502638e-09,1.4527376242108515e-09,1.7327229135714286
1.0,0.3242857142857143,0.10516122448979592,0.03410228279883382,0.011058883136193255,0.00358623781702267,0.0011629656920916372,0.00037713316014971666,0.00012229889621997954,3.9659784917050506e-05,1.2861101680243521e-05,4.17067154487897e-06,1.3524892009821804e-06,4.3859292660422136e-07,1.4222942048451178e-07,4.612296921426311e-08,1.495702001662532e-08,4.850347919677068e-09,1.5728985396667063e-09,1.226227727857143
1.0,0.32571428571428573,0.10608979591836736,0.03455496209912537,0.011255044798000836,0.0036659288770631297,0.001194045405671991,0.00038891764641887705,0.00012667603340500567,4.126019373763042e-05,1.3439034531685336e-05,4.37728553317751e-06,1.425744430806389e-06,4.6438532889122386e-07,1.5125693569599863e-07,4.926654476955384e-08,1.604681743922611e-08,5.226677680205076e-09,1.7024035872667962e-09,1.236963982142857
1.0,0.33,0.10890000000000001,0.035937000000000004,0.011859210000000002,0.003913539300000001,0.0012914679690000004,0.00042618442977000016,0.00014064086182410005,4.641148440195302e-05,1.5315789852644496e-05,5.054210651372684e-06,1.6678895149529858e-06,5.504035399344854e-07,1.8163316817838019e-07,5.993894549886546e-08,1.9779852014625604e-08,6.5273511648264496e-09,2.1540258843927283e-09,1.2509708224999998
1.0,0.33714285714285713,0.11366530612244898,0.03832144606413994,0.012919801815910036,0.004355818897935383,0.0014685332284467864,0.0004951054884477737,0.00016692127896239227,5.627631690732082e-05,1.897315827161102e-05,6.396664788714572e-06,2.1565898430523415e-06,7.270788613719322e-07,2.451294446911086e-07,8.264364135300232e-08,2.786271337044078e-08,9.393714793462892e-09,3.1670238446532034e-09,1.5016618964285715
1.0,0.3385714285714286,0.11463061224489797,0.0388106501457726,0.01314017726364015,0.004448888587832451,0.0015062665647375584,0.0005099788226325734,0.00017266425851988556,5.845918467030411e-05,1.979260966694582e-05,6.701212130094514e-06,2.2688389640462854e-06,7.681640492556709e-07,2.600783995337057e-07,8.805511527069751e-08,2.981294617022187e-08,1.009381177477512e-08,3.4174762723167193e-09,0.9712208857142852
1.0,0.3457142857142857,0.11951836734693877,0.041319206997084544,0.014284640133277798,0.004938404160361753,0.0017072768668679203,0.0005902300025457667,0.00020405094373725078,7.054332626344956e-05,2.4387835651078275e-05,8.431223182229917e-06,2.9147943001423427e-06,1.0076860294777814e-06,3.483714559051758e-07,1.2043698904150363e-07,4.163678764006268e-08,1.439443229842167e-08,4.976360880311491e-09,1.3852483171428573
1.0,0.35,0.12249999999999998,0.04287499999999999,0.015006249999999995,0.005252187499999998,0.0018382656249999992,0.0006433929687499997,0.0002251875390624999,7.881563867187496e-05,2.7585473535156234e-05,9.654915737304681e-06,3.379220508056638e-06,1.1827271778198232e-06,4.139545122369381e-07,1.4488407928292834e-07,5.070942774902492e-08,1.774829971215872e-08,6.2119048992555514e-09,1.45587769
1.0,0.3514285714285714,0.12350204081632653,0.04340214577259475,0.015252754085797583,0.005360253578723151,0.0018837462576655644,0.0006620022562653269,0.00023264650720181487,8.175862967378066e-05,2.8732318428214344e-05,1.0097357619058183e-05,3.5484999632690185e-06,1.2470442728059694e-06,4.3824698730038353e-07,1.5401251267984907e-07,5.4124397313204104e-08,1.9020859627211728e-08,6.684473526134407e-09,0.6776328292857143
1.0,0.35428571428571426,0.12551836734693875,0.044469364431486864,0.015754860541441058,0.00558172202039626,0.001977524372940389,0.000700608634984595,0.0002482156306802565,8.793925201243372e-05,3.115562071297652e-05,1.103799133831168e-05,3.910602645573281e-06,1.3854706515745336e-06,4.908524594149776e-07,1.739020141927349e-07,6.16109993139975e-08,2.1827896899816257e-08,7.733312044506331e-09,0.9431191428571428
1.0,0.3585714285714286,0.12857346938775513,0.0461027725947522,0.016531137030404004,0.005927593420902008,0.0021254656409234345,0.000762131251245403,0.00027327849151799455,9.798985910145234e-05,3.5136363763520774e-05,1.2598896149491022e-05,4.5176041907460665e-06,1.6198837883960898e-06,5.808440441248837e-07,2.0827407867906546e-07,7.468113392635062e-08,2.6778520879305723e-08,9.602012486722482e-09,1.1899420657142858
1.0,0.36857142857142855,0.13584489795918367,0.05006854810495626,0.018453836301541023,0.006801556808282263,0.0025068595093383195,0.0009239567905846949,0.00034054407424407326,0.0001255148159356727,4.626117501629079e-05,1.7050547363147176e-05,6.284344599559959e-06,2.3162298666949563e-06,8.536961508675696e-07,3.146480098911899e-07,1.1597026650275284e-07,4.2743326796728904e-08,1.5753969019365794e-08,1.2884714582142855
1.0,0.3871428571428571,0.1498795918367347,0.058024813411078714,0.022463892049146186,0.008696735350455165,0.0033668789713904995,0.0013034631446383219,0.0005046264459956932,0.00019536252409261835,7.563320575585652e-05,2.9280855371195882e-05,1.1335874007991547e-05,4.388602651665299e-06,1.6990161694304228e-06,6.577619741652065e-07,2.546478499982442e-07,9.858509621360597e-08,3.816651581983888e-08,1.5140307664285715
1.0,0.3942857142857143,0.15546122448979593,0.06129613994169097,0.024168192319866725,0.009529172971833167,0.0037572167717513628,0.0014814168985762515,0.0005841015200100649,0.0002303028850325399,9.080513752711574e-05,3.5803168510691345e-05,1.411667786992973e-05,5.566004417286579e-06,2.1945960273872798e-06,8.652978622269846e-07,3.4117458567806823e-07,1.3452026521020975e-07,5.303941885431127e-08,1.378630115357143
1.0,0.3985714285714286,0.15885918367346938,0.06331673177842566,0.025236240237401085,0.010058444323192719,0.004009008523101098,0.0015978762542074375,0.0006368678213198216,0.0002538373173546146,0.00010117230220276783,4.032438902081746e-05,1.6072149338297247e-05,6.405899521978474e-06,2.553208523759992e-06,1.0176359687557681e-06,4.0560062183265616e-07,1.6166081927330152e-07,6.443338368178732e-08,1.2281790082142856
1.0,0.40714285714285714,0.16576530612244897,0.06749016034985422,0.027478136713869217,0.011187527090646753,0.004554921744049035,0.0018545038529342499,0.0007550479972660874,0.00030741239888690703,0.000125160762403955,5.0958310407324535e-05,2.0747312094410702e-05,8.447119924152928e-06,3.439184540547978e-06,1.4002394200802481e-06,5.700974781755296e-07,2.3211111611432277e-07,9.450238298940284e-08,2.0101215889285715
1.0,0.4085714285714286,0.16693061224489797,0.06820307871720117,0.02786582930445648,0.011385181687249361,0.004651659946504739,0.0019005353495719364,0.0007765044428251055,0.00031725752949711455,0.00012962236205167824,5.2959993638257115e-05,2.163794025791648e-05,8.84064416252016e-06,3.612034614972523e-06,1.4757741426887737e-06,6.029591497271275e-07,2.463518811742264e-07,1.0065234002261251e-07,1.9575594782142853
1.0,0.42,0.17639999999999997,0.07408799999999999,0.031116959999999992,0.013069123199999996,0.005489031743999998,0.002305393332479999,0.0009682651996415995,0.0004066713838494718,0.00017080198121677815,7.173683211104682e-05,3.0129469486639665e-05,1.2654377184388658e-05,5.3148384174432365e-06,2.232232135326159e-06,9.375374968369868e-07,3.9376574867153444e-07,1.6538161444204447e-07,1.6297689550000003
1.0,0.42857142857142855,0.18367346938775508,0.07871720116618075,0.033735943356934604,0.014458261438686257,0.0061963977594369675,0.0026555990397587,0.0011381138741823,0.00048776308893527136,0.000209041323829402,8.958913878402942e-05,3.839534519315547e-05,1.645514793992377e-05,7.05220625996733e-06,3.02237411141457e-06,1.2953031906062442e-06,5.551299388312475e-07,2.3791283092767748e-07,2.1031281907142856
1.0,0.43,0.18489999999999998,0.079507,0.03418801,0.014700844299999998,0.006321363048999999,0.0027181861110699996,0.0011688200277600999,0.0005025926119368429,0.00021611482313284246,9.292937394712225e-05,3.995963079726257e-05,1.7182641242822905e-05,7.388535734413849e-06,3.177070365797955e-06,1.3661402572931206e-06,5.874403106360418e-07,2.52599333573498e-07,1.9447743899999999
1.0,0.43142857142857144,0.18613061224489796,0.08030206413994169,0.03464460481466056,0.014946672362896412,0.00644842150513531,0.002782033277929805,0.0012002486427640016,0.000517821557306755,0.00022340301472377147,9.638244349511284e-05,4.158213990789154e-05,1.7939723217404636e-05,7.739709159508858e-06,3.339131665959536e-06,1.4405968044568284e-06,6.215146213513746e-07,2.68139165211593e-07,2.2333813142857144
1.0,0.4328571428571429,0.187365306122449,0.08110241107871721,0.035105757938359024,0.01519577807903255,0.006577601082781233,0.002847161611546734,0.0012324142404266578,0.0005334593069275391,0.00023091167142720622,9.995176634634784e-05,4.326483600420485e-05,1.872749329896296e-05,8.106329242265396e-06,3.508882514866307e-06,1.518844860006416e-06,6.574428465456343e-07,2.845788321476103e-07,2.736248786071428
1.0,0.4471428571428571,0.19993673469387754,0.08940028279883382,0.039974697880049974,0.01787440062350806,0.00799241056451146,0.0035737492952744097,0.0015979764706012718,0.0007145237647117115,0.00031949419764966527,0.00014285954837763603,6.38786266317144e-05,2.856287162246658e-05,1.2771684025474343e-05,5.710767285676384e-06,2.5535288005952974e-06,1.1417921636947543e-06,5.105442103377973e-07,2.9405370089285716
1.0,0.45,0.2025,0.09112500000000001,0.04100625000000001,0.018452812500000006,0.008303765625000003,0.003736694531250001,0.0016815125390625006,0.0007566806425781253,0.0003405062891601564,0.0001532278301220704,6.895252355493168e-05,3.1028635599719254e-05,1.3962886019873664e-05,6.283298708943149e-06,2.827484419024417e-06,1.2723679885609876e-06,5.725655948524445e-07,2.5409102199999998
1.0,0.46,0.2116,0.097336,0.044774560000000005,0.020596297600000004,0.009474296896000002,0.004358176572160001,0.0020047612231936006,0.0009221901626690563,0.00042420747482776593,0.00019513543842077235,8.976230167355529e-05,4.1290658769835434e-05,1.89937030341243e-05,8.737103395697179e-06,4.019067562020702e-06,1.8487710785295232e-06,8.504346961235807e-07,3.075502125
1.0,0.4614285714285714,0.21291632653061224,0.09824567638483964,0.04533336210329029,0.020918108513375375,0.009652212928314637,0.004453806822636611,0.002055113719588036,0.0009482881877527652,0.00043756726377734733,0.00020190603742869026,9.316521441352421e-05,4.298909179366903e-05,1.9836395213364423e-05,9.153079505595297e-06,4.223492400438973e-06,1.948840064773983e-06,8.992504870314236e-07,3.174412209285714
1.0,0.47,0.22089999999999999,0.10382299999999998,0.04879680999999999,0.022934500699999992,0.010779215328999996,0.005066231204629998,0.002381128666176099,0.0011191304731027665,0.0005259913223583002,0.00024721592150840106,0.00011619148310894849,5.460999706120579e-05,2.566669861876672e-05,1.2063348350820357e-05,5.669773724885567e-06,2.6647936506962165e-06,1.2524530158272217e-06,3.3868586374999996
1.0,0.4757142857142857,0.22630408163265306,0.10765608454810495,0.051213537363598495,0.02436301134582614,0.01158983254022872,0.005513448908423091,0.0026228264092926987,0.001247715991849241,0.0005935563218368531,0.00028236322167381726,0.00013432421831054448,6.389994956773044e-05,3.0398118865791768e-05,1.4460819403298084e-05,6.8792183732832315e-06,3.272542454719023e-06,1.5567951963163353e-06,3.6789016021428567
1.0,0.4785714285714286,0.22903061224489799,0.10960750728862975,0.052455021345272815,0.025103474500951992,0.012013805654027026,0.0057494641344272195,0.0027515292643330268,0.0013168032907879485,0.0006301844320199468,0.0003015882638952603,0.0001443315262927317,6.907294472580733e-05,3.305633783306494e-05,1.581981882010965e-05,7.570913292481046e-06,3.623222789973072e-06,1.7339709066299703e-06,3.8175404807142863
1.0,0.48,0.2304,0.110592,0.05308416,0.0254803968,0.012230590464,0.005870683422719999,0.0028179280429055996,0.0013526054605946878,0.0006492506210854501,0.000311640298121016,0.0001495873430980877,7.180192468708208e-05,3.4464923849799396e-05,1.654316344790371e-05,7.940718454993781e-06,3.8115448583970147e-06,1.829541532030567e-06,3.5463590074999995
1.0,0.4957142857142857,0.2457326530612245,0.12181318658892129,0.060384536780508126,0.0299334775183376,0.014838452426947353,0.007355632845929616,0.0036462922821965385,0.0018075191741745698,0.0008960130763408224,0.00044416648212895055,0.00022017967042677977,0.00010914620805441797,5.410533456411862e-05,2.6820787276784516e-05,1.329544740720604e-05,6.590743214714994e-06,3.2671255650087184e-06,4.194209877142858
1.0,0.49714285714285716,0.24715102040816328,0.1228693644314869,0.061083626888796344,0.03036728879614447,0.015096880715797536,0.007505306412996489,0.0037312094738896832,0.001854944138448014,0.0009221722288284413,0.000458451336617568,0.00022791580734701954,0.00011330671565251829,5.6329624352966235e-05,2.80038703926175e-05,1.392192413804413e-05,6.921185142913367e-06,3.4408177567626454e-06,5.023007551428572
1.0,0.5128571428571429,0.26302244897959187,0.13489294169096214,0.06918080866722201,0.035479871873618146,0.018196105718041308,0.009332002789681186,0.00478598428785078,0.0024545262276263287,0.00125882130816836,0.0006455954994749161,0.00033109826330213557,0.00016980610932209526,8.708627606661743e-05,4.46628187255938e-05,2.2905645603554536e-05,1.1747323959537256e-05,6.024699002105536e-06,5.205535601071429
1.0,0.5171428571428571,0.2674367346938775,0.13830299708454807,0.07152240706372343,0.0369873019386684,0.019127719002568516,0.009891763255614004,0.0051154547121889556,0.0026454208654462883,0.0013680605047022233,0.0007074827181460069,0.0003658696342412207,0.00018920686799331698,9.784698030511535e-05,5.060086695778822e-05,2.6167876912456195e-05,1.3532530631870204e-05,6.9982515553385905e-06,6.3869669389285715
1.0,0.5271428571428571,0.27787959183673466,0.14648224198250728,0.07721706755935026,0.04070442561342892,0.021457047216221818,0.011310929175408359,0.005962475522465263,0.0031430763825566884,0.0016568502645191686,0.0008733967822965331,0.00046040487523917246,0.00024269914137607806,0.000127937118811104,6.744113834471053e-05,3.555111435599741e-05,1.8740515996232918e-05,9.878929146585639e-06,5.866821061428571
1.0,0.5457142857142857,0.29780408163265304,0.1625159416909621,0.08868727103706789,0.04839791076594276,0.026411431303700193,0.014413095368590676,0.00786543204400234,0.004292278629726991,0.002342357766508158,0.001278258095437309,0.0006975637035100744,0.000380670478201212,0.00020773731810409,0.00011336522216537482,6.186502123881883e-05,3.3760625876041134e-05,1.8423655835211018e-05,6.869560789642858
1.0,0.5485714285714286,0.300930612244898,0.16508193586005832,0.09055923338608914,0.04967820802894033,0.027252045547304413,0.014949693557378421,0.008200974751476162,0.004498820435095495,0.0024679243529666718,0.0013538327879131457,0.0007426739865123542,0.00040740972974392004,0.00022349333745952187,0.00012260205940636628,6.72559868743495e-05,3.689471279964316e-05,2.023938530723282e-05,6.618682850714286
1.0,0.55,0.30250000000000005,0.16637500000000005,0.09150625000000004,0.050328437500000024,0.027680640625000016,0.015224352343750011,0.008373393789062506,0.004605366583984379,0.0025329516211914085,0.0013931233916552749,0.0007662178654104012,0.00042141982597572073,0.0002317809042866464,0.00012747949735765552,7.011372354671054e-05,3.85625479506908e-05,2.120940137287994e-05,6.46950251
1.0,0.5528571428571428,0.3056510204081632,0.16898134985422736,0.0934225462765514,0.05164932201289341,0.028554696598556785,0.01578666797663068,0.00872777215279439,0.004825211175902041,0.0026676524643915564,0.0014748307195993318,0.0008153706978356306,0.00045078351437484145,0.0002492188858043766,0.0001377824411518482,7.617400675109322e-05,4.211334373239011e-05,2.328266289204996e-05,6.315812666071428
1.0,0.5585714285714286,0.3120020408163266,0.17427542565597673,0.09734527347355272,0.054374288468798736,0.030371923987571867,0.016964888970200858,0.009476102267640766,0.0052930799809250565,0.002956563246488139,0.0016514517562526607,0.0009224537667068434,0.0005152563182605368,0.00028780745777124274,0.00016076102284079416,8.979651418678646e-05,5.0157767210047866e-05,2.8016695684469597e-05,7.020121243214286
1.0,0.56,0.31360000000000005,0.17561600000000005,0.09834496000000004,0.05507317760000002,0.030840979456000017,0.01727094849536001,0.009671731157401607,0.005416169448144901,0.0030330548909611446,0.0016985107389382412,0.0009511660138054152,0.0005326529677310326,0.00029828566192937825,0.00016703997068045183,9.354238358105304e-05,5.23837348053897e-05,2.9334891491018235e-05,6.8746029774999995
1.0,0.5642857142857143,0.3184183673469388,0.17967893586005831,0.10139025666389005,0.0572130734031951,0.03228451999180295,0.01821769342394595,0.0102799841463695,0.0058008481968799324,0.0032733357682393906,0.0018470966120779418,0.0010422902311011243,0.0005881494875499202,0.00033188435368888353,0.00018727759958158427,0.00010567807404960827,5.963262749942181e-05,3.364983980324516e-05,6.359022340357144
1.0,0.5657142857142857,0.3200326530612245,0.18104704373177846,0.1024208990254061,0.057940965734372595,0.0327780320440165,0.018543000984900762,0.01049004055717243,0.005934365800914689,0.0033571555102317385,0.0018991908315025264,0.0010743993846785722,0.0006078030804753065,0.00034384288552603056,0.0001945168323832973,0.00011004095089112247,6.225173793269214e-05,3.521669745906584e-05,6.677094467142858
1.0,0.5742857142857143,0.32980408163265307,0.1894017725947522,0.10877073226155769,0.062465477670208845,0.03587303146203422,0.020601369496768225,0.011831072196715467,0.006794415747256597,0.00390193590056736,0.002240826045754398,0.0012868743862760972,0.0007390335761185586,0.00042441642514237226,0.00024373628986747663,0.0001399742693238937,8.038522324029325e-05,4.616408534656841e-05,6.437182505357143
1.0,0.58,0.3364,0.19511199999999998,0.11316495999999998,0.06563567679999999,0.03806869254399999,0.022079841675519993,0.012806308171801596,0.007427658739644925,0.004308042068994057,0.0024986644000165527,0.0014492253520096005,0.0008405507041655682,0.0004875194084160295,0.0002827612568812971,0.0001640015289911523,9.512088681486834e-05,5.517011435262363e-05,6.674610307499999
1.0,0.5928571428571429,0.3514795918367347,0.2083771865889213,0.12353790347771762,0.07324032849036116,0.043421051890714116,0.025742480763780513,0.015261613595669875,0.00904795663171857,0.005364145717376009,0.0031801721038729196,0.001885387747296088,0.0011177655930398236,0.0006626753158736097,0.00039287179441078286,0.00023291684954353554,0.0001380864179436675,8.186551920946002e-05,7.361259018571428
1.0,0.62,0.3844,0.238328,0.14776336,0.0916132832,0.056800235584000006,0.035216146062080005,0.021834010558489603,0.013537086546263554,0.008392993658683403,0.005203656068383709,0.0032262667623979,0.002000285392686698,0.0012401769434657527,0.0007689097049487667,0.0004767240170682354,0.00029556889058230594,0.00018325271216102968,7.3325583725
1.0,0.6228571428571429,0.3879510204081633,0.24163806413994174,0.15050599423573516,0.09374373355254362,0.058388954041298596,0.03636797708858027,0.022652054300887143,0.01410899382169542,0.008787887580370291,0.0054735985500592105,0.00340926995403688,0.002123488142800114,0.0013226297575154996,0.0008238093918239398,0.0005131155640503397,0.0003195976941799259,0.00019906370666063957,7.621420828571429
1.0,0.6471428571428571,0.4187938775510204,0.2710194664723032,0.17538831187421905,0.11350129325574461,0.07345155120693186,0.047533646709628764,0.030761059942088328,0.019906800219665732,0.012882543570726539,0.008336846053627316,0.0053951303747045345,0.0034914200853445056,0.0022594475695158016,0.0014621853557009402,0.0009462428087607513,0.0006123542748123148,0.0003962806949856837,7.208616623928571
1.0,0.65,0.42250000000000004,0.27462500000000006,0.17850625000000006,0.11602906250000004,0.07541889062500003,0.04902227890625002,0.03186448128906252,0.020711912837890638,0.013462743344628915,0.008750783174008795,0.005688009063105717,0.003697205891018716,0.0024031838291621657,0.0015620694889554078,0.001015345167821015,0.0006599743590836599,0.00042898333340437894,7.974424235
1.0,0.6542857142857142,0.4280897959183673,0.2800930379008746,0.18326087336942937,0.11990497143314092,0.07845210988054077,0.05133009475041096,0.03358454770812603,0.021973889786173886,0.014377202174382342,0.009406797994095875,0.006154733544708443,0.00402695423353781,0.002634778627086167,0.0017238980160078062,0.0011279218447593931,0.00073798314985686,0.00048285183233491693,8.066813920357143
1.0,0.6585714285714286,0.43371632653061226,0.2856331807580175,0.18810985189920867,0.12388377389362172,0.08158631394994231,0.053730415329890584,0.03538531638154223,0.02330375835984424,0.015347189434125991,0.010107220470188688,0.006656326623938551,0.004383666533765246,0.0028869575315225407,0.0019012677457598446,0.0012521206154218405,0.0008246108624420978,0.0005430651536940101,8.154626420714285
1.0,0.6628571428571428,0.43937959183673464,0.29124590087463553,0.19305442572261555,0.12796750505041946,0.08482417477627803,0.05622631013741858,0.03727001129108888,0.024704693198664626,0.01637568234882912,0.010854738014081017,0.007195140626476559,0.004769350358121605,0.0031613979516691777,0.0020955552136778547,0.0013890537416378923,0.0009207441944571171,0.0006103218660401461,7.302337428571429
1.0,0.6671428571428571,0.4450795918367347,0.2969316705539359,0.19809584306955436,0.13215822673354555,0.08816841697795111,0.0588209296124331,0.03924196304143751,0.026179995343359026,0.017465796893355236,0.01165218164170985,0.007773669752397857,0.005186148249099713,0.0034599017604708083,0.0023082487459140963,0.0015399316633455471,0.0010273544096891006,0.0006853921561783001,7.6295536664285715
1.0,0.6842857142857143,0.4682469387755102,0.3204146909620991,0.2192551956726364,0.15003319818170405,0.10266557418433749,0.07025258576328236,0.04807284082944607,0.032895558224720955,0.022509960556630484,0.015403244438037145,0.010540220122599702,0.0072125220553217965,0.0049354258064273435,0.003377241373255282,0.0023109980254132573,0.0015813829345327861,0.0010821177509160065,8.297211412857143
1.0,0.6857142857142857,0.4702040816326531,0.3224256559766764,0.22109187838400668,0.15160585946331886,0.10395830363199007,0.07128569391907891,0.04888161868736839,0.0335188242427669,0.022984336623611587,0.015760687970476518,0.01080732889404104,0.0074107398130567135,0.005081650157524604,0.0034845601080168713,0.0023894126454972833,0.0016384543854838513,0.001123511578617498,7.907795964642856
1.0,0.6885714285714286,0.474130612244898,0.3264727930029155,0.2247998374677218,0.15479074522777417,0.1065844845711245,0.07339103080468859,0.050534966925514145,0.03479693436871117,0.02396017480816969,0.01649829179648256,0.011360252351292276,0.007822345190461254,0.005386243402574749,0.0037088133143443275,0.0025537828821628086,0.0017584619274321055,0.0012108266414603927,7.757407565714287
1.0,0.69,0.4760999999999999,0.32850899999999994,0.22667120999999993,0.15640313489999993,0.10791816308099994,0.07446353252588996,0.05137983744286406,0.0354520878355762,0.024461940606547574,0.016878739018517826,0.0116463299227773,0.008035967646716336,0.005544817676234271,0.003825924196601647,0.002639887695655136,0.0018215225100020437,0.0012568505319014102,7.876061085
1.0,0.6914285714285714,0.4780734693877551,0.33055365597667635,0.22855424213244477,0.1580289331315761,0.1092657194795469,0.07554944032585814,0.0522370415967362,0.036118183046886174,0.024973143706704153,0.01726714507720687,0.011938997453383036,0.008254963953481985,0.0057077179335504,0.003946479256911991,0.002728708514779148,0.0018867070302187251,0.0013045231466083755,7.855661931785715
1.0,0.7042857142857143,0.49601836734693877,0.3493386501457726,0.2460342207455227,0.17327838689648956,0.1220374924856705,0.08594926256490794,0.06053283777785659,0.042632412892119,0.030025399365449523,0.02114645983880945,0.014893149572190083,0.010489032484413872,0.007387275735451485,0.0052027527679679745,0.003664224449440302,0.0025806609336772412,0.0018175226290041142,8.348706840357144
1.0,0.7157142857142857,0.5122469387755102,0.3666224518950437,0.2623969262848813,0.1878012286696079,0.13441202223353366,0.09620060448428623,0.06885214692375344,0.049278465155429246,0.035269301489814366,0.025242742923424284,0.01806659172090795,0.012930517788821263,0.009254556303142076,0.006623618154105972,0.004740618136010132,0.0033929281230586803,0.0024283671280748557,7.978054727142858
1.0,0.7171428571428572,0.5142938775510205,0.3688221807580176,0.26449819248646406,0.18968298946886425,0.1360298010190998,0.09755280015941159,0.0699592938286066,0.0501708078599436,0.03597963649384527,0.025802539314157612,0.01850410676529589,0.013270087994540767,0.009516548818942094,0.006824725010155617,0.004894302792997314,0.0035099142886923598,0.0025171099613193783,8.192531913928573
1.0,0.7257142857142858,0.526661224489796,0.3822055743440234,0.2773720453810913,0.2012928557908491,0.14608110105964478,0.1060131419118565,0.07693525155889015,0.055833011131308855,0.04051881379243557,0.02940508200936753,0.02133968808679815,0.015486516497276373,0.011238786258023426,0.008156147741537001,0.005919032932429709,0.004295526756677561,0.003117325131988859,8.547817517142857
1.0,0.7328571428571429,0.5370795918367347,0.3936026151603499,0.28845448796751355,0.21139593189619207,0.15492301866106648,0.113536440818753,0.08320599162860041,0.06097810529353145,0.044688240022259476,0.0327500959020273,0.02400114171105715,0.01758940813967474,0.012890523393790203,0.00944691214430625,0.006923237042898723,0.005073743718581493,0.003718329325189009,8.286902726071428
1.0,0.7385714285714285,0.5454877551020407,0.40288167055393576,0.297556890966264,0.2197670180422264,0.16231364046833005,0.11988021731732376,0.08854010336150912,0.06539319062557174,0.04829754221917227,0.03567118475330295,0.02634571788208232,0.01945819449290937,0.014371266504048777,0.010614206832276025,0.00783934990326672,0.005789919857126992,0.004276269380192364,8.939947030714286
1.0,0.7514285714285714,0.5646448979591837,0.42429030903790094,0.318823860791337,0.23957335825177611,0.18002226634347748,0.13527387442381308,0.10164865420989383,0.07638170302057737,0.05739539398403385,0.04312853890800258,0.032408016379441934,0.024352309450837797,0.018299021101629544,0.013750407284938771,0.010332448902682563,0.00776409731830147,0.005834164556323676,8.993639344285713
1.0,0.76,0.5776,0.43897600000000003,0.33362176000000004,0.2535525376,0.19269992857600002,0.14645194571776002,0.11130347874549762,0.08459064384657819,0.06428888932339942,0.04885955588578356,0.037133262473195504,0.028221279479628582,0.021448172404517723,0.016300611027433468,0.012388464380849435,0.009415232929445572,0.007155577026378634,8.8588947375
1.0,0.7628571428571429,0.5819510204081634,0.44394549271137035,0.33866699015410257,0.2583545324889868,0.19708760049874138,0.15034968380903987,0.114695330220039,0.08749615191071547,0.06674706445760295,0.05091847488622854,0.03884352227035149,0.02963205841766814,0.02260502742147827,0.01724440663295628,0.013155018774283793,0.010035400036382208,0.007655576599182999,8.686965781071429
1.0,0.7671428571428571,0.5885081632653061,0.45146983381924194,0.34634185822990415,0.265693682670655,0.2038250108487739,0.15636290117970228,0.11995268276214303,0.09202084377610116,0.07059313301109475,0.05415501775279697,0.04154463504750282,0.03187067002929859,0.024449356865333345,0.01875614948097715,0.014388646101835328,0.011038147080979388,0.008467835689265617,9.091648336428571
1.0,0.7685714285714286,0.5907020408163265,0.4539967113702624,0.3489289010245731,0.26817678393031474,0.20611301393501333,0.15841257356719596,0.12175137797021632,0.09357463049710911,0.07191878743920671,0.05527472520327602,0.042482574513375,0.03265089298313678,0.02509454346418227,0.01928694911961437,0.014823398037646474,0.011392840206076862,0.008756211472670502,9.075436158214286
1.0,0.77,0.5929,0.456533,0.35153041,0.2706784157,0.20842238008900002,0.16048523266853001,0.12357362915476812,0.09515169444917146,0.07326680472586203,0.05641543963891376,0.04343988852196359,0.03344871416191197,0.025755509904672215,0.019831742626597607,0.015270441822480158,0.011758240203309721,0.009053844956548485,8.782554735000002
1.0,0.7771428571428571,0.6039510204081633,0.46935622157434403,0.36475683505206163,0.283468168954745,0.2202952627305447,0.1712008898934519,0.1330475487171969,0.10339695214593587,0.08035420281055589,0.062446694755632005,0.04853000278151973,0.03771474501878105,0.029309744700309844,0.022777858738526505,0.017701650219654884,0.013756711027846081,0.010690929713068955,9.149224753928571
1.0,0.79,0.6241000000000001,0.4930390000000001,0.3895008100000001,0.3077056399000001,0.24308745552100008,0.19203908986159007,0.15171088099065616,0.11985159598261837,0.09468276082626852,0.07479938105275213,0.05909151103167419,0.04668229371502261,0.03687901203486786,0.02913441950754561,0.023016191410961034,0.018182791214659218,0.014364405059580783,9.079178030000001
1.0,0.7914285714285715,0.6263591836734694,0.4957185539358601,0.39232582697209506,0.3104978687750581,0.24573688471626026,0.1944831916182974,0.15391955450933825,0.12181633314024772,0.0964089265138532,0.07630077898382097,0.0603866165100526,0.04779169363795592,0.037823711822039405,0.029934766213442616,0.023691229260353157,0.01874991572890807,0.014839219019735818,9.446223761785713
1.0,0.8014285714285714,0.6422877551020407,0.5147477580174926,0.41253356035401906,0.33061618194086384,0.2649652543840351,0.2123507252992053,0.17018393841836307,0.1363902706467167,0.10930705976115437,0.08760180075143943,0.07020658603079645,0.056265563947538295,0.04509283053509854,0.036138682757414685,0.028962572895585195,0.023211433420604704,0.018602305927084627,9.420690406785715
1.0,0.81,0.6561000000000001,0.5314410000000002,0.43046721000000016,0.34867844010000015,0.28242953648100017,0.22876792454961015,0.18530201888518424,0.15009463529699923,0.12157665459056939,0.09847709021836121,0.07976644307687258,0.0646108188922668,0.05233476330273611,0.04239115827521626,0.03433683820292517,0.02781283894436939,0.02252839954493921,9.27652887
1.0,0.8185714285714286,0.6700591836734695,0.5484913032069972,0.4489793096251563,0.36752163487887796,0.30084270969371013,0.24626124664927987,0.20158242047148195,0.16500960990022737,0.13507215210404327,0.110566204508024,0.09050633597585393,0.07408590073452044,0.06064460160125745,0.04964193816788646,0.040635472243141346,0.033263036564742846,0.027228171359425218,9.966529570714284
1.0,0.8342857142857143,0.6960326530612245,0.5806900991253645,0.48446145412744696,0.4041792703006129,0.33720099122222563,0.2813219698196854,0.23470290053528037,0.19580927701800535,0.16336088254073589,0.1362896505768425,0.11370450848125147,0.09486204707578694,0.07914205070322795,0.06602708230097876,0.05508545151967371,0.04595700526784206,0.03834127296631395,9.366396217857144
1.0,0.8414285714285714,0.7080020408163266,0.5957331457725947,0.5012668898000833,0.4217802829889272,0.3548979809721116,0.2986213011322482,0.25126849480984886,0.21142449063285854,0.17789860711821953,0.14968897084661614,0.1259525768980813,0.10598009684709982,0.08917468148991685,0.07503412485365861,0.06313585648400703,0.05312431352725735,0.04470031523936368,10.058592081785715
1.0,0.8442857142857143,0.7128183673469388,0.601822364431487,0.5081100248271554,0.4289900352469269,0.3621901583299054,0.30579197653282014,0.25817579732985246,0.2179741374599183,0.18403245034115961,0.1553759687880362,0.131181710791042,0.11075484439643689,0.09350873291184886,0.0789480873584324,0.06665474232690506,0.05627564673600127,0.04751272460139536,10.055753835357143
1.0,0.8514285714285714,0.724930612244898,0.6172266355685131,0.5255243925697626,0.4474464828165407,0.3809687196552261,0.3243676527350211,0.276175887185818,0.23514404108963932,0.2002083549848929,0.17046311367285166,0.14513716535574228,0.123573929360032,0.10521437414082725,0.08958252426847578,0.07627312066287366,0.06494111416438957,0.05529272005996597,10.130045689285714
1.0,0.8557142857142858,0.7322469387755103,0.6265941661807581,0.5361855793461059,0.4588216600404535,0.3926202490917595,0.33597075600851994,0.2874949754987192,0.2460135576053326,0.2105173157222775,0.18014267445377746,0.1541506599968753,0.13190892191161188,0.11287634889293646,0.09658990426695563,0.08265336093700917,0.07072766171609786,0.060522670525632316,10.086402122142857
1.0,0.8614285714285714,0.7420591836734693,0.6392309825072886,0.5506518320741357,0.4743472210581483,0.4086162489972335,0.35199371163618826,0.3032174401666022,0.26120016631494447,0.22500528612558787,0.19382598219104213,0.16696723894456916,0.14383035011939316,0.1238995730314201,0.10673063219706617,0.091940816021187,0.07920044580110823,0.06822552688295466,10.217840774285715
1.0,0.8671428571428571,0.7519367346938775,0.6520365685131194,0.5654088529820906,0.4902902482287557,0.4251516866783639,0.3686672483053812,0.3196871710305234,0.2772144468793253,0.2403845275082149,0.2084477259964092,0.18075395668545768,0.156739502440104,0.1359155399730616,0.11785818966235484,0.10219988732149912,0.08862190229164281,0.07684784955861027,10.048226161428572
1.0,0.87,0.7569,0.6585030000000001,0.5728976100000001,0.49842092070000005,0.433626201009,0.37725479487783004,0.3282116715437121,0.28554415424302954,0.24842341419143568,0.21612837034654905,0.18803168220149769,0.16358756351530299,0.14232118025831358,0.12381942682473282,0.10772290133751755,0.09371892416364026,0.08153546402236703,10.060608315
1.0,0.8728571428571429,0.7618795918367347,0.6650120437317785,0.5804605124573096,0.5066591044448803,0.4422410183083169,0.3860132316948309,0.3369344065222024,0.29409560340723667,0.256703448116888,0.22406543828488368,0.19557711827437704,0.17071088466520626,0.14900621504348718,0.13006113913081524,0.11352479429846873,0.09909092759480628,0.08649222394346663,10.030690131071427
1.0,0.8842857142857142,0.7819612244897958,0.6914771399416908,0.6114633566055808,0.5407083110555064,0.47814063506194066,0.4228129330047732,0.3738874364713637,0.33062331882253443,0.2923654776444983,0.2585346152313492,0.2286184668974359,0.202164044299304,0.17877077631609883,0.1580844436280931,0.13979181515112804,0.1236159051122118,0.10931177894922728,10.208443740357144
1.0,0.8857142857142857,0.7844897959183673,0.6948338192419824,0.6154242399000416,0.5450900410543226,0.4827940363624,0.42761757506383996,0.37874699505654397,0.3354616241929389,0.297123152856603,0.2631662211015627,0.23309008154709837,0.20645121508457284,0.1828567905034788,0.16195887158879552,0.14344928626436174,0.12705508211986324,0.11253450130616459,10.482665619642857
1.0,0.8914285714285715,0.7946448979591837,0.7083691661807581,0.6314605138525615,0.5629019437771405,0.5017868755956224,0.44730715767381196,0.398742380554941,0.35545035066611885,0.3168585983080831,0.2824568076346341,0.2517900685200167,0.2244528610807006,0.20008369330622452,0.17836032089012016,0.15899548605062142,0.1417331189936968,0.12634495178866686,10.680433686785715
1.0,0.8928571428571429,0.7971938775510204,0.7117802478134112,0.6355180784048314,0.5674268557185995,0.506631121177321,0.45234921533689376,0.40388322797936943,0.36061002498157985,0.3219732365906963,0.287476104098836,0.2566750929453893,0.2291741901298119,0.2046198126159035,0.18269626126419958,0.16312166184303534,0.14564434093128156,0.1300395901172157,10.784794653571428
1.0,0.9014285714285715,0.8125734693877552,0.7324769416909622,0.6602756431528531,0.5951913297563577,0.5365224701089453,0.483636683769635,0.43596392494091385,0.39299033805388095,0.3542527190171413,0.3193335224283088,0.2878563609318041,0.25948194821138343,0.23390444188768994,0.21084814690161766,0.19006454384988677,0.17132961024182652,0.15444140580370364,10.645736114285715
1.0,0.9157142857142857,0.8385326530612245,0.7678563294460641,0.7031370102498958,0.6438726051002618,0.5896033426703826,0.5399082037881646,0.49440165518316215,0.4527306585320099,0.4145719315985976,0.37962944022100154,0.34763210168808856,0.31833168168866394,0.29150086851776225,0.2669315095998366,0.24443299664785034,0.22383078693038866,0.20496504917482733,10.604099142142857
1.0,0.92,0.8464,0.778688,0.7163929600000001,0.6590815232000001,0.6063550013440001,0.5578466012364801,0.5132188731375618,0.47216136328655683,0.4343884542236323,0.3996373778857418,0.36766638765488246,0.3382530766424919,0.31119283051109253,0.28629740407020515,0.26339361174458875,0.24232212280502166,0.22293635298061995,10.5136674375
1.0,0.9228571428571428,0.851665306122449,0.7859654110787171,0.7253337936526446,0.669379472428012,0.6177416274121368,0.5700872732974862,0.5261091122145373,0.4855235521294158,0.44806887810800367,0.41350356465395766,0.3816047182377952,0.3521666399737367,0.3249994991757627,0.2999281092393467,0.27679079795516853,0.2554383649700555,0.23573311967236552,10.713255486071429
1.0,0.9242857142857143,0.854304081632653,0.7896210583090378,0.7298354638942107,0.6745764930565061,0.623501415725085,0.5762934513916143,0.5326598043576777,0.49232984774202493,0.45505344498441447,0.4205993984355945,0.3887540154111852,0.3593197828157669,0.3321141421168588,0.30696835707086806,0.2837264671783595,0.2622443203777122,0.24238867897768543,10.805083355357143
1.0,0.9257142857142857,0.8569469387755102,0.7932880233236151,0.734358055876718,0.6798057431544475,0.6293058879486886,0.5825574505582146,0.539281754231033,0.4992208239167277,0.46213584842577077,0.4278057568284278,0.39602590060688747,0.3666068337046615,0.33937318320088666,0.3141626038773922,0.2908248104465002,0.26922068167047447,0.24922143103209637,10.738923389642858
1.0,0.9442857142857143,0.8916755102040816,0.8419964460641399,0.7950852154977093,0.7507876106342655,0.7089580151846421,0.669458925767212,0.6321604999030388,0.5969401291941552,0.5636820362819094,0.5322768942604887,0.5026214672945473,0.47461827125956535,0.44817525328938956,0.42320548917755213,0.39962689763765996,0.37736197048356174,0.35633751784233475,10.974696240357144
1.0,0.9457142857142857,0.8943755102040817,0.845823696793003,0.7999075532528114,0.7564840003619445,0.7154177260565818,0.6765807637849388,0.6398520937508992,0.6051172658044218,0.5722680428036103,0.5412020633371286,0.5118225227559702,0.4840378715206461,0.45776152992381103,0.4329116182993756,0.40941070187740947,0.3871855494897787,0.36616690537461927,11.480374372142856
1.0,0.9485714285714286,0.8997877551020409,0.8535129562682217,0.8096180042315703,0.7679805068710895,0.7284843665177193,0.6910194562396652,0.655481312775911,0.6217708452617213,0.5897940589339757,0.5594617930459427,0.5306894722607228,0.5033968708301714,0.4775078889017626,0.45295034032967196,0.4296557513984317,0.40755916989794094,0.38659898401747544,10.962996838214286
1.0,0.9557142857142857,0.9133897959183674,0.8729396763848397,0.8342809192877968,0.7973341928621944,0.7620236786068687,0.7282769156971359,0.6960246522876914,0.6652007034006651,0.6357418151072071,0.6075875347238879,0.5806800867575443,0.554964254343996,0.5303872659373333,0.5068986870172514,0.48445031659220167,0.4629960882859756,0.44249197580473953,11.463662977142857
1.0,0.9671428571428572,0.9353653061224491,0.9046318746355686,0.8749082558975428,0.8461612703466236,0.8183588286066631,0.7914698956667299,0.7654644562376802,0.7403134812470136,0.7159888954346117,0.6924635460131888,0.6697111723584698,0.647706376695263,0.6264245957467044,0.605842073315027,0.5859358337632476,0.5666836563681695,0.5480640505160725,11.84909644892857
1.0,0.9828571428571429,0.9660081632653061,0.9494480233236152,0.9331717714952104,0.917174541126721,0.9014515489931201,0.8859980938675237,0.8708095551155091,0.8558813913135289,0.8412091388910113,0.8267884107957368,0.8126148951820956,0.7986843541218311,0.7849926223368855,0.7715356059539674,0.7583092812804708,0.745309693601377,0.732532955996782,12.21728914357143
1.0,0.99,0.9801,0.9702989999999999,0.96059601,0.9509900498999999,0.9414801494009999,0.9320653479069899,0.92274469442792,0.9135172474836407,0.9043820750088043,0.8953382542587163,0.8863848717161291,0.8775210229989678,0.8687458127689781,0.8600583546412883,0.8514577710948754,0.8429431933839266,0.8345137614500874,12.0940583225
1.0,0.9928571428571429,0.9857653061224491,0.9787241253644315,0.9717332387546856,0.9647922870492951,0.9579009135703715,0.9510587641877261,0.944265487300671,0.9375207338199519,0.9308241571498095,0.924175413170168,0.9175741602189526,0.9110200590745314,0.9045127729382848,0.8980519674172971,0.8916373105071735,0.8852684725749794,0.878945126342301,11.906255318571429
